{
  "pearson_id_acc": {
    "r": -0.34576249002133314,
    "p": 0.29762987286191583
  },
  "pearson_lle_acc": {
    "r": -0.16069740300356217,
    "p": 0.6369183406883747
  },
  "spearman_id_acc": {
    "rho": -0.5425645780486095,
    "p": 0.0846212769259162
  },
  "spearman_lle_acc": {
    "rho": -0.35404637720121124,
    "p": 0.28541935661155277
  }
}