{
  "pearson_id_acc": {
    "r": 0.1229389711828681,
    "p": 0.7187624721531027
  },
  "pearson_lle_acc": {
    "r": 0.030743137610110438,
    "p": 0.9285024052513599
  },
  "spearman_id_acc": {
    "rho": 0.10091849296170197,
    "p": 0.7678111428801451
  },
  "spearman_lle_acc": {
    "rho": -0.05492120264715138,
    "p": 0.8725808955403338
  }
}